experimento,generacion,fuego_pct,vegetacion_pct,bosque_pct,cenizas_pct,vacio_pct
Exp1_Sin_Viento_Humedad_Baja,1,0.28,14.72,84.96,0.04,0.0
Exp1_Sin_Viento_Humedad_Baja,2,0.52,14.56,84.84,0.08,0.0
Exp1_Sin_Viento_Humedad_Baja,3,0.92,14.36,84.4,0.32,0.0
Exp1_Sin_Viento_Humedad_Baja,4,1.28,13.96,84.08,0.68,0.0
Exp1_Sin_Viento_Humedad_Baja,5,1.48,13.6,83.48,1.4,0.04
Exp1_Sin_Viento_Humedad_Baja,6,2.16,13.36,82.4,2.0,0.08
Exp1_Sin_Viento_Humedad_Baja,7,3.16,12.88,80.92,2.72,0.32
Exp1_Sin_Viento_Humedad_Baja,8,4.56,12.24,78.68,3.84,0.68
Exp1_Sin_Viento_Humedad_Baja,9,5.44,11.8,76.12,5.2,1.44
Exp1_Sin_Viento_Humedad_Baja,10,7.32,10.96,72.28,7.36,2.08
Exp1_Sin_Viento_Humedad_Baja,11,8.84,10.32,68.08,9.76,3.0
Exp1_Sin_Viento_Humedad_Baja,12,9.08,9.68,64.04,12.76,4.44
Exp1_Sin_Viento_Humedad_Baja,13,8.96,9.04,59.84,15.64,6.52
Exp1_Sin_Viento_Humedad_Baja,14,10.0,8.36,54.88,17.48,9.28
Exp1_Sin_Viento_Humedad_Baja,15,10.24,7.44,50.6,19.08,12.64
Exp1_Sin_Viento_Humedad_Baja,16,9.84,6.8,45.76,20.56,17.04
Exp1_Sin_Viento_Humedad_Baja,17,10.48,6.4,40.8,20.48,21.84
Exp1_Sin_Viento_Humedad_Baja,18,9.76,5.72,36.72,21.36,26.44
Exp1_Sin_Viento_Humedad_Baja,19,9.08,5.36,32.32,22.08,31.16
Exp1_Sin_Viento_Humedad_Baja,20,9.44,4.92,27.96,20.8,36.88
Exp1_Sin_Viento_Humedad_Baja,21,8.8,4.6,23.96,20.96,41.68
Exp1_Sin_Viento_Humedad_Baja,22,8.12,4.12,20.48,20.24,47.04
Exp1_Sin_Viento_Humedad_Baja,23,7.48,3.8,17.24,19.16,52.32
Exp1_Sin_Viento_Humedad_Baja,24,7.08,3.6,13.88,18.72,56.72
Exp1_Sin_Viento_Humedad_Baja,25,6.8,3.68,10.88,17.32,61.32
Exp1_Sin_Viento_Humedad_Baja,26,5.56,3.88,8.64,16.24,65.68
Exp1_Sin_Viento_Humedad_Baja,27,4.44,4.0,6.64,14.92,70.0
Exp1_Sin_Viento_Humedad_Baja,28,3.84,4.12,5.08,13.08,73.88
Exp1_Sin_Viento_Humedad_Baja,29,2.88,4.12,4.04,11.68,77.28
Exp1_Sin_Viento_Humedad_Baja,30,2.4,4.56,2.8,9.76,80.48
Exp1_Sin_Viento_Humedad_Baja,31,2.32,4.6,2.04,7.64,83.4
Exp1_Sin_Viento_Humedad_Baja,32,1.64,4.92,1.36,6.72,85.36
Exp1_Sin_Viento_Humedad_Baja,33,1.32,5.48,0.8,5.4,87.0
Exp1_Sin_Viento_Humedad_Baja,34,0.92,5.92,0.56,4.36,88.24
Exp1_Sin_Viento_Humedad_Baja,35,0.44,6.16,0.56,3.76,89.08
Exp1_Sin_Viento_Humedad_Baja,36,0.08,7.08,0.56,2.64,89.64
Exp1_Sin_Viento_Humedad_Baja,37,0.0,7.4,0.6,1.76,90.24
Exp1_Sin_Viento_Humedad_Baja,38,0.0,8.12,0.64,1.0,90.24
Exp1_Sin_Viento_Humedad_Baja,39,0.0,8.92,0.64,0.44,90.0
Exp1_Sin_Viento_Humedad_Baja,40,0.0,9.48,0.68,0.08,89.76
Exp1_Sin_Viento_Humedad_Baja,41,0.0,10.04,0.72,0.0,89.24
Exp1_Sin_Viento_Humedad_Baja,42,0.0,10.4,0.8,0.0,88.8
Exp1_Sin_Viento_Humedad_Baja,43,0.0,10.96,0.92,0.0,88.12
Exp1_Sin_Viento_Humedad_Baja,44,0.0,11.28,1.0,0.0,87.72
Exp1_Sin_Viento_Humedad_Baja,45,0.0,11.88,1.08,0.0,87.04
Exp1_Sin_Viento_Humedad_Baja,46,0.0,12.64,1.12,0.0,86.24
Exp1_Sin_Viento_Humedad_Baja,47,0.0,13.12,1.24,0.0,85.64
Exp1_Sin_Viento_Humedad_Baja,48,0.0,13.48,1.28,0.0,85.24
Exp1_Sin_Viento_Humedad_Baja,49,0.0,14.32,1.4,0.0,84.28
Exp1_Sin_Viento_Humedad_Baja,50,0.0,14.96,1.52,0.0,83.52
Exp1_Sin_Viento_Humedad_Baja,51,0.0,15.44,1.72,0.0,82.84
Exp1_Sin_Viento_Humedad_Baja,52,0.0,15.92,1.76,0.0,82.32
Exp1_Sin_Viento_Humedad_Baja,53,0.0,16.6,1.8,0.0,81.6
Exp1_Sin_Viento_Humedad_Baja,54,0.04,17.04,1.88,0.0,81.04
Exp1_Sin_Viento_Humedad_Baja,55,0.12,17.32,2.12,0.04,80.4
Exp1_Sin_Viento_Humedad_Baja,56,0.12,17.68,2.36,0.16,79.68
Exp1_Sin_Viento_Humedad_Baja,57,0.16,17.8,2.88,0.24,78.92
Exp1_Sin_Viento_Humedad_Baja,58,0.12,18.08,3.12,0.36,78.32
Exp1_Sin_Viento_Humedad_Baja,59,0.12,18.48,3.24,0.4,77.76
Exp1_Sin_Viento_Humedad_Baja,60,0.16,18.56,3.56,0.4,77.32
Exp2_Viento_Fuerte_Este,1,0.2,51.12,33.88,0.04,14.76
Exp2_Viento_Fuerte_Este,2,0.32,50.64,34.24,0.2,14.6
Exp2_Viento_Fuerte_Este,3,0.48,50.16,34.6,0.4,14.36
Exp2_Viento_Fuerte_Este,4,0.68,49.28,35.04,0.76,14.24
Exp2_Viento_Fuerte_Este,5,0.76,48.72,35.36,1.16,14.0
Exp2_Viento_Fuerte_Este,6,0.76,48.12,35.6,1.56,13.96
Exp2_Viento_Fuerte_Este,7,1.0,47.44,35.8,1.8,13.96
Exp2_Viento_Fuerte_Este,8,1.0,46.92,35.76,2.24,14.08
Exp2_Viento_Fuerte_Este,9,1.2,46.04,36.2,2.4,14.16
Exp2_Viento_Fuerte_Este,10,1.28,45.2,36.12,2.84,14.56
Exp2_Viento_Fuerte_Este,11,1.72,44.48,35.96,3.16,14.68
Exp2_Viento_Fuerte_Este,12,1.96,43.28,36.0,3.48,15.28
Exp2_Viento_Fuerte_Este,13,1.72,42.16,35.88,4.6,15.64
Exp2_Viento_Fuerte_Este,14,2.08,40.92,35.68,4.84,16.48
Exp2_Viento_Fuerte_Este,15,2.64,39.72,35.0,5.56,17.08
Exp2_Viento_Fuerte_Este,16,2.84,38.16,34.92,5.96,18.12
Exp2_Viento_Fuerte_Este,17,2.2,37.08,34.6,6.6,19.52
Exp2_Viento_Fuerte_Este,18,2.4,35.8,34.24,6.88,20.68
Exp2_Viento_Fuerte_Este,19,2.88,34.76,33.64,6.88,21.84
Exp2_Viento_Fuerte_Este,20,3.08,33.08,33.36,7.24,23.24
Exp2_Viento_Fuerte_Este,21,2.76,31.88,32.72,7.24,25.4
Exp2_Viento_Fuerte_Este,22,2.84,30.92,32.16,7.52,26.56
Exp2_Viento_Fuerte_Este,23,2.84,29.92,31.4,8.08,27.76
Exp2_Viento_Fuerte_Este,24,3.36,28.76,30.64,7.84,29.4
Exp2_Viento_Fuerte_Este,25,2.0,28.12,30.44,7.92,31.52
Exp2_Viento_Fuerte_Este,26,1.52,27.56,30.2,7.72,33.0
Exp2_Viento_Fuerte_Este,27,1.24,27.24,30.08,6.8,34.64
Exp2_Viento_Fuerte_Este,28,1.44,27.0,29.8,5.96,35.8
Exp2_Viento_Fuerte_Este,29,1.44,26.8,29.48,4.44,37.84
Exp2_Viento_Fuerte_Este,30,1.48,26.52,29.24,3.64,39.12
Exp2_Viento_Fuerte_Este,31,1.32,26.24,29.08,3.48,39.88
Exp2_Viento_Fuerte_Este,32,1.36,26.0,28.84,3.56,40.24
Exp2_Viento_Fuerte_Este,33,1.64,25.44,28.36,3.6,40.96
Exp2_Viento_Fuerte_Este,34,1.88,24.64,28.24,3.72,41.52
Exp2_Viento_Fuerte_Este,35,1.64,24.0,27.84,4.28,42.24
Exp2_Viento_Fuerte_Este,36,2.04,23.6,27.28,4.4,42.68
Exp2_Viento_Fuerte_Este,37,2.4,23.36,26.6,4.56,43.08
Exp2_Viento_Fuerte_Este,38,2.48,22.84,26.0,5.0,43.68
Exp2_Viento_Fuerte_Este,39,2.12,22.68,25.28,5.16,44.76
Exp2_Viento_Fuerte_Este,40,2.32,22.2,24.6,5.4,45.48
Exp2_Viento_Fuerte_Este,41,2.4,21.64,23.96,5.76,46.24
Exp2_Viento_Fuerte_Este,42,2.24,21.16,23.6,5.88,47.12
Exp2_Viento_Fuerte_Este,43,2.12,21.2,22.8,5.76,48.12
Exp2_Viento_Fuerte_Este,44,2.44,20.64,22.24,5.68,49.0
Exp2_Viento_Fuerte_Este,45,2.36,20.04,21.6,5.8,50.2
Exp2_Viento_Fuerte_Este,46,2.64,19.6,20.64,5.8,51.32
Exp2_Viento_Fuerte_Este,47,2.96,19.04,19.88,5.68,52.44
Exp2_Viento_Fuerte_Este,48,2.72,18.6,19.12,6.4,53.16
Exp2_Viento_Fuerte_Este,49,3.08,17.56,18.28,6.6,54.48
Exp2_Viento_Fuerte_Este,50,2.8,16.96,17.48,7.2,55.56
Exp2_Viento_Fuerte_Este,51,2.6,16.52,16.6,7.64,56.64
Exp2_Viento_Fuerte_Este,52,2.88,15.64,15.92,7.32,58.24
Exp2_Viento_Fuerte_Este,53,2.52,15.16,14.96,7.68,59.68
Exp2_Viento_Fuerte_Este,54,2.8,14.72,14.0,7.08,61.4
Exp2_Viento_Fuerte_Este,55,2.88,14.2,13.04,6.88,63.0
Exp2_Viento_Fuerte_Este,56,2.56,13.96,12.24,7.2,64.04
Exp2_Viento_Fuerte_Este,57,2.32,13.72,11.56,6.56,65.84
Exp2_Viento_Fuerte_Este,58,1.76,13.16,11.28,6.64,67.16
Exp2_Viento_Fuerte_Este,59,1.36,13.04,11.04,6.24,68.32
Exp2_Viento_Fuerte_Este,60,1.2,13.16,10.68,5.28,69.68
Exp3_Efecto_Cortafuegos,1,0.36,55.72,37.8,0.2,5.92
Exp3_Efecto_Cortafuegos,2,0.68,54.92,38.04,0.44,5.92
Exp3_Efecto_Cortafuegos,3,0.96,53.76,38.52,0.88,5.88
Exp3_Efecto_Cortafuegos,4,1.2,52.84,38.56,1.6,5.8
Exp3_Efecto_Cortafuegos,5,1.6,51.28,39.0,2.16,5.96
Exp3_Efecto_Cortafuegos,6,1.6,49.84,39.12,3.24,6.2
Exp3_Efecto_Cortafuegos,7,1.92,48.28,39.08,4.12,6.6
Exp3_Efecto_Cortafuegos,8,2.6,47.08,38.28,4.8,7.24
Exp3_Efecto_Cortafuegos,9,3.6,45.28,37.48,5.64,8.0
Exp3_Efecto_Cortafuegos,10,3.68,43.72,36.56,6.84,9.2
Exp3_Efecto_Cortafuegos,11,4.24,41.88,35.6,7.8,10.48
Exp3_Efecto_Cortafuegos,12,4.88,40.08,33.92,9.28,11.84
Exp3_Efecto_Cortafuegos,13,5.48,38.04,32.64,10.52,13.32
Exp3_Efecto_Cortafuegos,14,4.88,36.28,31.12,11.92,15.8
Exp3_Efecto_Cortafuegos,15,4.88,34.16,30.28,12.68,18.0
Exp3_Efecto_Cortafuegos,16,2.88,33.08,29.76,13.56,20.72
Exp3_Efecto_Cortafuegos,17,2.28,32.12,29.44,12.76,23.4
Exp3_Efecto_Cortafuegos,18,2.16,31.08,29.12,10.44,27.2
Exp3_Efecto_Cortafuegos,19,2.0,30.52,28.64,8.88,29.96
Exp3_Efecto_Cortafuegos,20,2.0,29.68,28.36,6.4,33.56
Exp3_Efecto_Cortafuegos,21,2.04,28.76,27.84,5.8,35.56
Exp3_Efecto_Cortafuegos,22,1.96,27.84,27.76,5.52,36.92
Exp3_Efecto_Cortafuegos,23,1.28,27.32,27.48,5.64,38.28
Exp3_Efecto_Cortafuegos,24,1.16,26.96,27.4,5.12,39.36
Exp3_Efecto_Cortafuegos,25,1.2,26.76,27.12,4.44,40.48
Exp3_Efecto_Cortafuegos,26,1.0,26.8,27.0,3.88,41.32
Exp3_Efecto_Cortafuegos,27,0.96,26.72,26.92,2.92,42.48
Exp3_Efecto_Cortafuegos,28,1.0,26.48,26.96,2.88,42.68
Exp3_Efecto_Cortafuegos,29,1.0,26.44,26.76,2.64,43.16
Exp3_Efecto_Cortafuegos,30,1.16,26.28,26.52,2.52,43.52
Exp3_Efecto_Cortafuegos,31,1.16,25.96,26.52,2.52,43.84
Exp3_Efecto_Cortafuegos,32,1.16,25.72,26.4,2.64,44.08
Exp3_Efecto_Cortafuegos,33,1.12,25.4,26.12,2.96,44.4
Exp3_Efecto_Cortafuegos,34,1.2,24.92,25.96,3.0,44.92
Exp3_Efecto_Cortafuegos,35,1.28,24.24,25.88,3.2,45.4
Exp3_Efecto_Cortafuegos,36,1.04,24.08,25.72,3.32,45.84
Exp3_Efecto_Cortafuegos,37,1.2,23.64,25.6,3.16,46.4
Exp3_Efecto_Cortafuegos,38,1.12,23.32,25.32,3.32,46.92
Exp3_Efecto_Cortafuegos,39,1.36,22.96,25.16,3.12,47.4
Exp3_Efecto_Cortafuegos,40,1.2,22.72,25.12,3.16,47.8
Exp3_Efecto_Cortafuegos,41,1.56,22.2,24.8,3.24,48.2
Exp3_Efecto_Cortafuegos,42,1.64,21.92,24.28,3.36,48.8
Exp3_Efecto_Cortafuegos,43,1.96,21.36,23.8,3.64,49.24
Exp3_Efecto_Cortafuegos,44,2.12,21.12,23.16,3.72,49.88
Exp3_Efecto_Cortafuegos,45,2.16,20.84,22.48,4.32,50.2
Exp3_Efecto_Cortafuegos,46,2.36,20.72,21.64,4.64,50.64
Exp3_Efecto_Cortafuegos,47,2.56,20.32,20.76,5.16,51.2
Exp3_Efecto_Cortafuegos,48,2.6,20.32,19.72,5.64,51.72
Exp3_Efecto_Cortafuegos,49,2.24,20.36,19.08,5.64,52.68
Exp3_Efecto_Cortafuegos,50,1.68,20.12,18.76,5.84,53.6
Exp3_Efecto_Cortafuegos,51,1.4,20.16,18.32,5.48,54.64
Exp3_Efecto_Cortafuegos,52,1.36,20.24,17.96,4.76,55.68
Exp3_Efecto_Cortafuegos,53,1.52,20.44,17.36,4.16,56.52
Exp3_Efecto_Cortafuegos,54,1.64,20.24,17.12,3.44,57.56
Exp3_Efecto_Cortafuegos,55,1.28,20.04,16.88,3.52,58.28
Exp3_Efecto_Cortafuegos,56,1.56,19.88,16.36,3.48,58.72
Exp3_Efecto_Cortafuegos,57,1.44,19.44,16.4,3.68,59.04
Exp3_Efecto_Cortafuegos,58,1.32,19.4,15.8,4.04,59.44
Exp3_Efecto_Cortafuegos,59,1.48,19.04,15.84,3.44,60.2
Exp3_Efecto_Cortafuegos,60,1.36,18.84,15.44,3.68,60.68
Exp4_Alta_Humedad_Contencion,1,0.08,50.52,35.08,0.04,14.28
Exp4_Alta_Humedad_Contencion,2,0.12,50.24,35.6,0.12,13.92
Exp4_Alta_Humedad_Contencion,3,0.2,49.96,36.08,0.2,13.56
Exp4_Alta_Humedad_Contencion,4,0.4,49.52,36.44,0.32,13.32
Exp4_Alta_Humedad_Contencion,5,0.4,48.96,36.84,0.56,13.24
Exp4_Alta_Humedad_Contencion,6,0.36,48.56,37.24,0.8,13.04
Exp4_Alta_Humedad_Contencion,7,0.16,48.36,37.44,1.08,12.96
Exp4_Alta_Humedad_Contencion,8,0.28,47.8,37.96,1.04,12.92
Exp4_Alta_Humedad_Contencion,9,0.24,47.16,38.48,1.0,13.12
Exp4_Alta_Humedad_Contencion,10,0.24,46.96,38.68,0.88,13.24
Exp4_Alta_Humedad_Contencion,11,0.4,46.52,39.16,0.6,13.32
Exp4_Alta_Humedad_Contencion,12,0.16,46.44,39.56,0.88,12.96
Exp4_Alta_Humedad_Contencion,13,0.08,46.08,39.92,0.8,13.12
Exp4_Alta_Humedad_Contencion,14,0.12,45.76,40.36,0.64,13.12
Exp4_Alta_Humedad_Contencion,15,0.04,45.52,40.84,0.64,12.96
Exp4_Alta_Humedad_Contencion,16,0.12,45.28,41.28,0.32,13.0
Exp4_Alta_Humedad_Contencion,17,0.12,44.96,41.64,0.28,13.0
Exp4_Alta_Humedad_Contencion,18,0.12,44.84,41.88,0.32,12.84
Exp4_Alta_Humedad_Contencion,19,0.16,44.4,42.44,0.32,12.68
Exp4_Alta_Humedad_Contencion,20,0.12,44.08,42.88,0.44,12.48
Exp4_Alta_Humedad_Contencion,21,0.12,44.04,43.2,0.4,12.24
Exp4_Alta_Humedad_Contencion,22,0.16,43.8,43.68,0.4,11.96
Exp4_Alta_Humedad_Contencion,23,0.2,43.68,43.88,0.44,11.8
Exp4_Alta_Humedad_Contencion,24,0.36,43.36,44.24,0.36,11.68
Exp4_Alta_Humedad_Contencion,25,0.44,42.76,44.72,0.48,11.6
Exp4_Alta_Humedad_Contencion,26,0.52,42.64,44.84,0.64,11.36
Exp4_Alta_Humedad_Contencion,27,0.48,42.08,45.16,0.88,11.4
Exp4_Alta_Humedad_Contencion,28,0.28,41.56,45.72,1.2,11.24
Exp4_Alta_Humedad_Contencion,29,0.24,41.28,46.04,1.24,11.2
Exp4_Alta_Humedad_Contencion,30,0.16,41.24,46.36,1.2,11.04
Exp4_Alta_Humedad_Contencion,31,0.24,40.8,46.68,0.92,11.36
Exp4_Alta_Humedad_Contencion,32,0.28,40.84,46.72,0.68,11.48
Exp4_Alta_Humedad_Contencion,33,0.4,40.56,46.88,0.6,11.56
Exp4_Alta_Humedad_Contencion,34,0.48,40.32,47.08,0.6,11.52
Exp4_Alta_Humedad_Contencion,35,0.44,39.64,47.56,0.92,11.44
Exp4_Alta_Humedad_Contencion,36,0.4,39.4,47.76,1.08,11.36
Exp4_Alta_Humedad_Contencion,37,0.32,39.16,48.04,1.12,11.36
Exp4_Alta_Humedad_Contencion,38,0.16,38.92,48.32,1.2,11.4
Exp4_Alta_Humedad_Contencion,39,0.16,38.6,48.56,0.96,11.72
Exp4_Alta_Humedad_Contencion,40,0.32,38.56,48.64,0.68,11.8
Exp4_Alta_Humedad_Contencion,41,0.44,38.24,48.96,0.64,11.72
Exp4_Alta_Humedad_Contencion,42,0.32,38.0,49.12,0.76,11.8
Exp4_Alta_Humedad_Contencion,43,0.32,37.6,49.48,0.76,11.84
Exp4_Alta_Humedad_Contencion,44,0.32,37.44,49.8,0.96,11.48
Exp4_Alta_Humedad_Contencion,45,0.2,37.4,49.96,1.04,11.4
Exp4_Alta_Humedad_Contencion,46,0.2,37.08,50.2,0.76,11.76
Exp4_Alta_Humedad_Contencion,47,0.08,36.8,50.52,0.76,11.84
Exp4_Alta_Humedad_Contencion,48,0.08,36.36,51.08,0.56,11.92
Exp4_Alta_Humedad_Contencion,49,0.0,35.96,51.56,0.4,12.08
Exp4_Alta_Humedad_Contencion,50,0.0,35.48,52.16,0.28,12.08
Exp4_Alta_Humedad_Contencion,51,0.0,35.08,52.72,0.12,12.08
Exp4_Alta_Humedad_Contencion,52,0.0,34.84,53.08,0.08,12.0
Exp4_Alta_Humedad_Contencion,53,0.0,34.68,53.32,0.0,12.0
Exp4_Alta_Humedad_Contencion,54,0.0,34.48,53.68,0.0,11.84
Exp4_Alta_Humedad_Contencion,55,0.0,34.36,54.04,0.0,11.6
Exp4_Alta_Humedad_Contencion,56,0.0,34.12,54.32,0.0,11.56
Exp4_Alta_Humedad_Contencion,57,0.0,33.84,54.64,0.0,11.52
Exp4_Alta_Humedad_Contencion,58,0.0,33.64,55.08,0.0,11.28
Exp4_Alta_Humedad_Contencion,59,0.0,33.48,55.4,0.0,11.12
Exp4_Alta_Humedad_Contencion,60,0.0,33.4,55.68,0.0,10.92
